"Car Name","Car Price","Car Mileage","Monthly Payment","Car Location","Phone Number","Car Engine"
"2019 Jaguar XF 25t Prestige AWD","$32,450","115,000 km","Est. $537/mo.*","North York, ON","(647) 559-2543","247 hp 2L I4"
"2021 Toyota Corolla SE FWD","$23,992","21,396 km","Est. $397/mo.*","Ottawa, ON","(613) 707-7604","2L I4"
"2018 Toyota Corolla LE","$18,300","61,000 km","Est. $303/mo.*","New Westminster, BC","(604) 239-1356","132 hp 1.8L I4"
"2018 Honda Civic EX with Honda Sensing","$19,900","74,282 km","Est. $329/mo.*","Vancouver, BC","(604) 670-8593","158 hp 2L I4"
"2022 Honda Civic Touring FWD","$25,995","89,820 km","Est. $430/mo.*","Toronto, ON","(833) 973-1610","180 hp 1.5L I4"
"2019 Dodge Charger SRT Hellcat RWD","$85,995","24,911 km","Est. $1,422/mo.*","Boisbriand, QC","(844) 402-5690","707 hp 6.2L V8"
"2019 BMW 7 Series Alpina B7 xDrive AWD","$55,799","45,444 km","Est. $923/mo.*","Surrey, BC","(604) 337-2509","600 hp 4.4L V8"
"2021 Audi RS 5 Sportback 2.9T quattro AWD","$83,999","45,050 km","Est. $1,389/mo.*","Stittsville, ON","(613) 801-2322","444 hp 2.9L V6"
"2011 Lincoln Town Car Signature Limited","$3,995","242,217 km","Est. $67/mo.*","London, ON","(844) 418-1062","239 hp 4.6L V8 Flex Fuel Vehicle"
"2013 Subaru Impreza WRX Limited","$14,990","139,000 km","Est. $248/mo.*","Halifax, NS","(833) 783-1071","265 hp 2.5L H4"
"2018 Volvo S60 T5 Dynamic AWD","$23,995","62,856 km","Est. $397/mo.*","Mississauga, ON","(604) 265-7764","240 hp 2L I4"
"2023 Audi SQ5 Sportback 3.0T quattro Prestige AWD","$74,995","2,000 km","Est. $1,240/mo.*","Nanaimo, BC","No Information Found","349 hp 3L V6"
"2017 Honda Accord V6 Touring FWD","$21,990","70,000 km","Est. $364/mo.*","New Westminster, BC","No Information Found","278 hp 3.5L V6"
"2024 Acura Integra Type S FWD","$65,999","2,499 km","Est. $1,091/mo.*","Saskatoon, SK","No Information Found","320 hp 2L I4"
"2022 Audi S4 3.0T quattro Prestige AWD","$64,850","17,136 km","Est. $1,072/mo.*","Surrey, BC","No Information Found","349 hp 3L V6"
"2019 Jaguar XF 25t Prestige AWD","$32,450","115,000 km","Est. $537/mo.*","North York, ON","(647) 559-2543","247 hp 2L I4"
"2019 Honda Civic Touring FWD","$23,700","83,546 km","Est. $392/mo.*","Calgary, AB","(877) 511-5516","130 hp 1.6L I4"
"2022 Hyundai Sonata Sport FWD","$30,000","39,995 km","Est. $496/mo.*","Surrey, BC","(844) 647-0018","138 hp 1.4L I4"
"2019 Hyundai Accent","$9,995","234,002 km","Est. $166/mo.*","Toronto, ON","(877) 511-5516","186 hp 2.5L I4"
"2016 Chevrolet Cruze Limited 2LT FWD","$10,700","121,764 km","Est. $177/mo.*","Calgary, AB","(866) 595-0343","149 hp 2L I4"
"2020 Mazda MAZDA3 Select Sedan AWD","$24,999","34,024 km","Est. $414/mo.*","Calgary, AB","(844) 418-1062","3.5L V6"
"2020 Nissan Sentra SR FWD","$20,995","21,687 km","Est. $347/mo.*","London, ON","(647) 492-5487","188 hp 2L I4 Hybrid"
"2019 Toyota Avalon","$28,777","102,000 km","Est. $476/mo.*","York, ON","(902) 903-2392","365 hp 3.3L V6"
"2016 Lincoln MKZ Hybrid FWD","$19,995","31,985 km","Est. $331/mo.*","Saint-Prosper, QC","(844) 418-1062","158 hp 2L I4"
"2020 Genesis G80","$38,595","48,022 km","Est. $638/mo.*","Antigonish, NS","(833) 478-0786","300 hp 3.6L V6"
"2023 Honda Civic LX FWD","$28,999","12,146 km","Est. $480/mo.*","Port Moody, BC","No Information Found","268 hp 3.5L V6"
"2018 Chrysler 300 S RWD","$18,995","158,710 km","Est. $314/mo.*","St. Albert, AB","No Information Found","3.5L V6"
"2007 Mercedes-Benz E-Class E 350 4MATIC","$3,495","279,185 km","Est. $58/mo.*","London, ON","No Information Found","No Information Found"
"2022 Toyota Camry XSE V6 FWD","$39,860","25,743 km","Est. $659/mo.*","Red Deer, AB","No Information Found","No Information Found"
"2023 Genesis G80 2.5T Advanced AWD","$56,998","9,653 km","Est. $942/mo.*","Winnipeg, MB","No Information Found","No Information Found"
"2021 Volkswagen Passat 2.0T Highline FWD","$25,498","69,777 km","Est. $422/mo.*","Toronto, ON","(833) 314-0687","174 hp 1.5L I4"
"2020 Mercedes-Benz CLS-Class CLS AMG 53 4MATIC AWD","$66,850","61,786 km","Est. $1,105/mo.*","Calgary, AB","(587) 327-9516","429 hp 3L I6"
"2020 Mercedes-Benz C-Class C 300 4MATIC Sedan AWD","$39,391","26,224 km","Est. $651/mo.*","Saskatoon, SK","(306) 517-6276","255 hp 2L I4"
"2020 Chevrolet Malibu LT FWD","$20,495","75,241 km","Est. $339/mo.*","Belleville, ON","(613) 704-6078","160 hp 1.5L I4"
"2022 Audi S3 2.0T quattro Technik AWD","$52,999","7,864 km","Est. $876/mo.*","Sherwood Park, AB","(587) 401-2297","300 hp 3.5L V6"
"2016 Nissan Maxima SV","$13,999","160,437 km","Est. $232/mo.*","Richmond, BC","(778) 601-8230","174 hp 1.5L I4"
"2021 Honda Civic Touring FWD","$28,315","33,781 km","Est. $468/mo.*","Huntsville, ON","(705) 535-1906","444 hp 2.9L V6"
"2024 Acura Integra Type S FWD","$67,895","993 km","Est. $1,123/mo.*","Saint-Jean-sur-Richelieu, QC","(819) 803-1183","192 hp 1.5L I4"
"2022 Audi S7 2.9T quattro Premium Plus AWD","$91,805","15,781 km","Est. $1,518/mo.*","Edmonton, AB","(587) 806-3690","255 hp 2L I4"
"2018 Honda Accord 1.5T Touring FWD","$26,880","66,000 km","Est. $445/mo.*","Toronto, ON","(236) 326-9471","292 hp 3.6L V6"
"2020 Mercedes-Benz C-Class C 300 4MATIC Sedan AWD","$36,888","32,677 km","Est. $610/mo.*","Markham, ON","(647) 955-5736","435 hp 5.2L V10"
"2019 Dodge Charger Police RWD","$14,998","128,245 km","Est. $248/mo.*","Taber, AB","(647) 977-0317","No Information Found"
"2008 Audi S6 5.2 quattro Sedan AWD","$7,995","161,643 km","Est. $133/mo.*","Newmarket, ON","No Information Found","No Information Found"
"2014 Volkswagen Jetta Comfortline","$9,495","121,300 km","Est. $157/mo.*","St. Catharines, ON","No Information Found","No Information Found"
"2020 Hyundai Elantra Preferred FWD","$16,995","70,595 km","Est. $281/mo.*","Toronto, ON","No Information Found","No Information Found"
"2020 Volvo S60 T6 R-Design AWD","$35,999","42,900 km","Est. $595/mo.*","Brampton, ON","(877) 799-3662","316 hp 2L I4"
"2017 Honda Civic Touring","$18,995","86,780 km","Est. $314/mo.*","Temiskaming Shores, ON","(877) 511-5516","174 hp 1.5L I4"
"2022 Honda Civic EX FWD","$21,700","168,654 km","Est. $359/mo.*","Calgary, AB","(604) 332-0217","180 hp 1.5L I4"
"2022 Chrysler 300 Touring L AWD","$39,990","14,000 km","Est. $661/mo.*","New Westminster, BC","(833) 981-3130","292 hp 3.6L V6"
"2021 BMW 2 Series 228i xDrive Gran Coupe AWD","$32,990","15,363 km","Est. $546/mo.*","Toronto, ON","(844) 938-2881","228 hp 2L I4"
"2020 Kia Forte EX FWD","$16,950","171,830 km","Est. $281/mo.*","Ottawa, ON","(204) 817-7507","147 hp 2L I4"
"2015 Chevrolet Impala 2LT FWD","$12,995","218,595 km","Est. $215/mo.*","Headingley, MB","(647) 560-3943","305 hp 3.6L V6 Flex Fuel Vehicle"
"2020 Toyota Corolla SE FWD","$22,988","33,826 km","Est. $380/mo.*","Woodbridge, ON","(833) 211-3661","2L I4"
"2023 BMW 2 Series M235i xDrive Gran Coupe AWD","$54,995","16,416 km","Est. $909/mo.*","Calgary, AB","(778) 721-5528","302 hp 2L I4"
"2012 BMW 7 Series 750i xDrive AWD","$14,999","116,999 km","Est. $248/mo.*","Oakville, ON","(819) 272-3155","400 hp 4.4L V8"
"2020 Mercedes-Benz CLS-Class CLS AMG 53 4MATIC AWD","$69,998","35,957 km","Est. $1,157/mo.*","Kelowna, BC","(778) 762-0359","429 hp 3L I6"
"2020 Toyota Corolla LE FWD","$21,994","29,771 km","Est. $364/mo.*","Gatineau, QC","(431) 341-2794","1.8L I4"
"2016 Chevrolet Cruze LS Sedan FWD","$12,999","68,968 km","Est. $215/mo.*","Edmonton, AB","No Information Found","153 hp 1.4L I4"
"2018 BMW M3 Sedan RWD","$68,704","42,787 km","Est. $1,136/mo.*","Abbotsford, BC","No Information Found","425 hp 3L I6"
"2014 Jaguar XJ-Series XJ AWD","$19,997","135,000 km","Est. $331/mo.*","Brampton, ON","No Information Found","340 hp 3L V6"
"2021 Toyota Corolla LE FWD","$22,888","91,600 km","Est. $379/mo.*","Markham, ON","(289) 217-4871","1.8L I4"
"2017 Chevrolet Cruze LT Sedan FWD","$11,950","150,364 km","Est. $198/mo.*","Edmonton, AB","(587) 410-7185","153 hp 1.4L I4"
"2014 Jaguar XJ-Series XJ AWD","$25,850","74,639 km","Est. $428/mo.*","Richmond Hill, ON","(647) 931-9742","340 hp 3L V6"
"2017 Hyundai Elantra Limited FWD","$13,999","98,485 km","Est. $232/mo.*","Mississauga, ON","(855) 521-1003","147 hp 2L I4"
"2023 Honda Civic Sport FWD","$31,244","6,100 km","Est. $517/mo.*","North York, ON","(844) 645-0753","158 hp 2L I4"
"2013 Chevrolet Malibu 1LT FWD","$7,495","173,773 km","Est. $124/mo.*","Ottawa, ON","(581) 205-8632","197 hp 2.5L I4"
"2022 Mercedes-Benz A-Class A 220 4MATIC Sedan AWD","$41,995","15,687 km","Est. $694/mo.*","Quebec, QC","(587) 803-4614","188 hp 2L I4"
"2014 BMW M5 RWD","$39,985","100,037 km","Est. $661/mo.*","Mississauga, ON","(833) 900-3605","552 hp 4.4L V8"
"2011 Honda Accord SE","$8,500","162,388 km","Est. $141/mo.*","Belleville, ON","(877) 511-5516","177 hp 2.4L I4"
"2017 Buick Regal Sport Touring Sedan FWD","$15,700","128,654 km","Est. $260/mo.*","Calgary, AB","(604) 229-3634","259 hp 2L I4"
"2018 Toyota Camry XSE","$28,900","41,736 km","Est. $478/mo.*","Chilliwack, BC","(647) 492-8256","206 hp 2.5L I4"
"2020 Toyota Camry XSE AWD","$31,990","26,086 km","Est. $529/mo.*","Etobicoke, ON","(855) 262-2990","205 hp 2.5L I4"
"2015 Mitsubishi Lancer Evolution GSR","$34,995","78,502 km","Est. $579/mo.*","Baie-Comeau, QC","(877) 618-2192","291 hp 2L I4"
"2023 Honda Civic Si FWD","$35,288","5,073 km","Est. $584/mo.*","Surrey, BC","No Information Found","200 hp 1.5L I4"
"2019 Mazda MAZDA3 GS Sedan FWD","$21,900","26,480 km","Est. $362/mo.*","Brampton, ON","No Information Found","No Information Found"
"2020 Nissan Maxima SL FWD","$25,998","91,756 km","Est. $430/mo.*","Brantford, ON","(844) 941-1036","300 hp 3.5L V6"
"2021 Mercedes-Benz A-Class A 220 4MATIC Sedan AWD","$33,995","70,409 km","Est. $562/mo.*","Mississauga, ON","(833) 414-1805","188 hp 2L I4"
"2015 Nissan Sentra S","$9,995","159,026 km","Est. $166/mo.*","Edmonton, AB","(587) 416-5844","130 hp 1.8L I4"
"2021 Hyundai Elantra Essential FWD","$21,999","16,073 km","Est. $364/mo.*","Calgary, AB","(306) 403-6538","182 hp 2.5L I4"
"2016 Audi A4 2.0T quattro Progressiv Plus AWD","$18,995","141,000 km","Est. $314/mo.*","Regina, SK","(833) 928-1295","272 hp 2L I4"
"2015 Nissan Altima","$3,995","216,000 km","Est. $67/mo.*","Vaudreuil-Dorion, QC","(431) 813-7870","263 hp 3.6L V6"
"2021 Acura TLX SH-AWD with Technology Package","$35,500","53,445 km","Est. $587/mo.*","Toronto, ON","(833) 928-1295","272 hp 2L I4"
"2023 Kia Forte GT Limited FWD","$29,900","6,085 km","Est. $495/mo.*","Victoria, BC","(855) 595-0906","404 hp 3L V6"
"2008 Cadillac CTS","$5,495","175,000 km","Est. $91/mo.*","Vaudreuil-Dorion, QC","(289) 216-4705","255 hp 2L I4"
"2018 Cadillac ATS 2.0T Luxury RWD","$24,999","37,191 km","Est. $414/mo.*","Medicine Hat, AB","(604) 670-5292","Electric"
"2017 Maserati Ghibli S Q4 3.0L AWD","$39,995","18,705 km","Est. $661/mo.*","Etobicoke, ON","(833) 692-4586","160 hp 1.5L I4"
"2023 BMW 3 Series 330i xDrive AWD","$50,945","5,089 km","Est. $842/mo.*","Vancouver, BC","(844) 901-4029","No Information Found"
"2023 Tesla Model 3 Long Range AWD","$55,000","15,851 km","Est. $909/mo.*","North York, ON","No Information Found","No Information Found"
"2019 Chevrolet Malibu LT FWD","$19,995","44,053 km","Est. $331/mo.*","Ottawa, ON","No Information Found","No Information Found"
"2022 Audi A4 quattro Technik 45 TFSI AWD","$48,407","13,900 km","Est. $800/mo.*","Edmonton, AB","No Information Found","No Information Found"
"2008 INFINITI G35 Sedan RWD","$6,199","217,871 km","Est. $103/mo.*","Hamilton, ON","(833) 672-1315","306 hp 3.5L V6"
"2011 Dodge Avenger Heat FWD","$5,888","195,000 km","Est. $98/mo.*","Guelph, ON","(778) 743-0153","283 hp 3.6L V6 Flex Fuel Vehicle"
"2016 Acura TLX V6 SH-AWD with Technology Package","$18,995","96,723 km","Est. $314/mo.*","New Westminster, BC","(833) 460-1890","290 hp 3.5L V6"
"2018 Lincoln MKZ Select AWD","$23,900","81,828 km","Est. $395/mo.*","Toronto, ON","(437) 372-5743","245 hp 2L I4"
"2021 Toyota Corolla LE FWD","$26,900","24,549 km","Est. $445/mo.*","Mississauga, ON","(587) 806-3690","1.8L I4"
"2022 Audi RS e-tron GT quattro AWD","$126,305","11,098 km","Est. $2,088/mo.*","Edmonton, AB","(855) 785-2518","Electric"
"2016 Toyota Corolla S","$16,500","124,239 km","Est. $273/mo.*","Edmonton, AB","(844) 674-0976","132 hp 1.8L I4"
"2017 Hyundai Elantra","$16,800","56,986 km","Est. $278/mo.*","Kitchener, ON","(450) 390-6951","147 hp 2L I4"
"2016 Audi S3 2.0T quattro Technik AWD","$25,999","96,000 km","Est. $430/mo.*","Dollard-des Ormeaux, QC","(604) 239-1356","153 hp 1.4L I4"
"2018 Hyundai Elantra GL FWD","$16,495","43,852 km","Est. $273/mo.*","Temiskaming Shores, ON","(877) 375-5594","505 hp 2.9L V6"
"2016 Chevrolet Cruze Premier Sedan FWD","$14,500","79,000 km","Est. $240/mo.*","New Westminster, BC","(844) 383-0973","368 hp 3.3L V6"
"2018 Alfa Romeo Giulia Quadrifoglio RWD","$64,300","15,735 km","Est. $1,063/mo.*","Victoria, BC","(855) 916-4741","No Information Found"
"2016 Mazda MAZDA3 GS","$12,999","125,631 km","Est. $215/mo.*","Maple, ON","No Information Found","No Information Found"
"2019 Audi S5 Sportback 3.0 TFSI quattro Technik AWD","$47,995","20,526 km","Est. $794/mo.*","Richmond, BC","No Information Found","No Information Found"
"2023 Kia Stinger GT2 AWD","$59,979","5,600 km","Est. $992/mo.*","Oakville, ON","No Information Found","No Information Found"
"2023 Volkswagen Jetta GLI 1.5T Autobahn FWD","$37,375","944 km","Est. $618/mo.*","Saint-Bruno, QC","(450) 367-6265","228 hp 2L I4"
"2013 Audi A4 2.0T quattro Premium AWD","$8,999","170,125 km","Est. $149/mo.*","Sudbury, ON","(672) 202-2188","147 hp 2L I4"
"2015 Volkswagen Jetta 2.0 Trendline","$11,998","109,888 km","Est. $199/mo.*","Mississauga, ON","(902) 601-1009","252 hp 2L I4"
"2021 Volkswagen Jetta Comfortline FWD","$22,995","66,000 km","Est. $381/mo.*","Summerside, PE","(902) 918-5532","420 hp 3L V6"
"2019 Mazda MAZDA3 GT Sedan AWD","$21,990","84,028 km","Est. $364/mo.*","Bedford, NS","(866) 691-4336","255 hp 2L I4"
"2020 Volkswagen Jetta Highline FWD","$19,980","158,826 km","Est. $331/mo.*","Toronto, ON","(604) 332-1842","2L I4 Hybrid"
"2023 Volkswagen Jetta 1.5T Comfortline FWD","$30,898","14,436 km","Est. $511/mo.*","Vancouver, BC","(833) 260-9650","255 hp 2L I4"
"2021 Kia Forte EX FWD","$21,248","89,101 km","Est. $352/mo.*","Chatham-Kent, ON","(705) 996-4489","132 hp 1.8L I4"
"2020 Honda Accord 2.0T Touring FWD","$33,999","36,949 km","Est. $562/mo.*","Huntsville, ON","(844) 407-1807","No Information Found"
"2015 Porsche Panamera 4S","$47,995","54,654 km","Est. $794/mo.*","Oakville, ON","(306) 900-4165","No Information Found"
"2022 Mercedes-Benz E-Class E 350 4MATIC Sedan AWD","$66,589","1,720 km","Est. $1,101/mo.*","Regina, SK","(587) 872-0648","No Information Found"
"2018 Ford Fusion Hybrid SE FWD","$19,999","113,380 km","Est. $331/mo.*","Innisfail, AB","(306) 900-4165","No Information Found"
"2019 Volkswagen Jetta GLI FWD","$29,995","37,538 km","Est. $496/mo.*","Calgary, AB","No Information Found","No Information Found"
"2023 Mercedes-Benz E-Class E 350 4MATIC Sedan AWD","$76,990","4,407 km","Est. $1,273/mo.*","Regina, SK","No Information Found","No Information Found"
"2017 Toyota Corolla LE","$16,995","59,864 km","Est. $281/mo.*","Temiskaming Shores, ON","No Information Found","No Information Found"
"2023 Kia Stinger GT2 AWD","$59,979","5,600 km","Est. $992/mo.*","Oakville, ON","(855) 916-4741","368 hp 3.3L V6"
"2016 Mazda MAZDA3 GS","$13,800","131,000 km","Est. $229/mo.*","Langley City, BC","(778) 743-2886","179 hp 2.5L I4"
"2018 Hyundai Elantra LE FWD","$10,000","222,752 km","Est. $166/mo.*","Airdrie, AB","(587) 605-7527","310 hp 3.6L V6"
"2018 Nissan Altima 2.5 SV","$16,999","73,807 km","Est. $281/mo.*","Winnipeg, MB","(647) 697-6359","268 hp 3.5L V6"
"2018 Buick Regal Sportback GS AWD","$25,990","127,000 km","Est. $430/mo.*","Toronto, ON","(819) 809-5896","201 hp 1.6L I4"
"2016 Toyota Avalon XLE Touring","$24,994","64,969 km","Est. $414/mo.*","Trois-Rivières, QC","(604) 330-8740","2.5L I4 Hybrid"
"2020 Audi A4 2.0 TFSI quattro Progressiv AWD","$36,164","39,368 km","Est. $598/mo.*","Halifax, NS","(587) 602-2886","463 hp 4L V8"
"2022 Mazda MAZDA3 GS Sedan FWD","$27,990","9,746 km","Est. $463/mo.*","Richmond, BC","(778) 902-2534","248 hp 2L I4"
"2018 Hyundai Elantra Sport FWD","$17,988","106,794 km","Est. $298/mo.*","Calgary, AB","(855) 458-1232","429 hp 3L I6"
"2021 Toyota Camry Hybrid LE FWD","$34,888","44,537 km","Est. $577/mo.*","Mission, BC","(866) 260-3829","255 hp 2L I4"
"2019 Mercedes-Benz S-Class S 560 4MATIC AWD","$69,997","59,937 km","Est. $1,157/mo.*","Montréal, QC","(604) 330-9257","189 hp 2.4L I4"
"2019 BMW 4 Series 430i xDrive Gran Coupe AWD","$29,900","68,630 km","Est. $495/mo.*","Mississauga, ON","(236) 326-9471","No Information Found"
"2019 Mercedes-Benz CLS-Class CLS AMG 53 S 4MATIC AWD","$63,695","38,000 km","Est. $1,053/mo.*","Richmond, BC","(778) 654-1385","No Information Found"
"2019 Mercedes-Benz C-Class C 300 4MATIC AWD","$32,880","63,000 km","Est. $544/mo.*","Toronto, ON","No Information Found","No Information Found"
"2017 Honda Accord Sport FWD","$18,999","123,915 km","Est. $314/mo.*","Kelowna, BC","No Information Found","No Information Found"
"2018 Chevrolet Malibu LT FWD","$12,995","198,525 km","Est. $215/mo.*","Sarnia, ON","(226) 778-4079","160 hp 1.5L I4"
"2016 Kia Rio LX Plus","$11,500","79,237 km","Est. $191/mo.*","Toronto, ON","(833) 928-1295","211 hp 3.5L V6 Flex Fuel Vehicle"
"2010 Chevrolet Impala LT FWD","$5,995","162,121 km","Est. $100/mo.*","Vaudreuil-Dorion, QC","(833) 681-4388","1.8L I4"
"2021 Toyota Corolla LE FWD","$21,888","117,078 km","Est. $362/mo.*","Concord, ON","(306) 403-6538","255 hp 3L I6 Diesel"
"2016 BMW 5 Series 535d xDrive Sedan AWD","$27,995","111,000 km","Est. $463/mo.*","Regina, SK","(844) 423-1413","201 hp 2.5L V6 Flex Fuel Vehicle"
"2020 Volkswagen Passat 2.0T Comfortline FWD","$22,990","82,316 km","Est. $380/mo.*","Mississauga, ON","(844) 403-3903","2L I4 Hybrid"
"2007 Mercedes-Benz C-Class C 230 Sport","$7,000","103,401 km","Est. $116/mo.*","Thorold, ON","(604) 337-2509","300 hp 3.6L V6"
"2018 Ford Fusion Energi Titanium","$21,488","99,631 km","Est. $356/mo.*","Mississauga, ON","(604) 227-0369","255 hp 2L I4"
"2021 Dodge Charger GT RWD","$33,799","37,428 km","Est. $559/mo.*","Surrey, BC","(844) 745-0307","250 hp 2.5L I4"
"2020 BMW 3 Series 330i xDrive Sedan AWD","$41,499","17,500 km","Est. $686/mo.*","Burnaby, BC","(647) 560-1667","180 hp 1.6L I4"
"2021 Mazda MAZDA3 2.5 Turbo Sedan AWD","$30,997","53,024 km","Est. $513/mo.*","Edmonton, AB","(855) 703-1741","153 hp 1.4L I4"
"2012 Buick Regal Sedan FWD","$11,480","69,000 km","Est. $190/mo.*","Toronto, ON","(581) 333-6657","182 hp 2.5L I4"
"2021 Kia K5 EX FWD","$29,995","60,007 km","Est. $496/mo.*","Lethbridge, AB","(833) 973-1610","No Information Found"
"2018 Chevrolet Cruze LT Sedan FWD","$16,888","78,945 km","Est. $280/mo.*","Calgary, AB","No Information Found","No Information Found"
"2021 Nissan Altima 2.5 SR AWD","$24,995","69,915 km","Est. $414/mo.*","Toronto, ON","No Information Found","No Information Found"
"2020 BMW 7 Series 750i xDrive AWD","$76,990","13,424 km","Est. $1,273/mo.*","Victoria, BC","(833) 935-2983","523 hp 4.4L V8"
"2016 Nissan Altima 2.5 SV","$11,999","185,190 km","Est. $199/mo.*","Calgary, AB","(587) 815-0491","182 hp 2.5L I4"
"2023 Genesis G90 3.5T AWD","$94,998","473 km","Est. $1,570/mo.*","Winnipeg, MB","(450) 823-0961","375 hp 3.5L V6"
"2018 Chevrolet Cruze LT Diesel Sedan FWD","$15,995","79,000 km","Est. $265/mo.*","Saint-Jean-sur-Richelieu, QC","(647) 952-5876","137 hp 1.6L I4 Diesel"
"2018 Kia Forte EX Luxury","$13,699","94,059 km","Est. $227/mo.*","Pickering, ON","(888) 991-4674","288 hp 3.5L V6"
"2019 Ford Taurus Limited AWD","$24,999","59,142 km","Est. $414/mo.*","Pickering, ON","(844) 418-1062","147 hp 2L I4"
"2018 Hyundai Elantra","$13,995","139,602 km","Est. $232/mo.*","London, ON","(778) 654-1385","1.8L I4"
"2013 Hyundai Elantra GLS FWD","$7,495","188,750 km","Est. $124/mo.*","Kelowna, BC","(587) 602-2886","201 hp 1.6L I4"
"2018 Hyundai Elantra Sport FWD","$18,488","132,969 km","Est. $306/mo.*","Calgary, AB","(855) 753-0823","192 hp 1.5L I4"
"2018 Honda Accord 1.5T Touring FWD","$24,999","99,000 km","Est. $414/mo.*","York, ON","(250) 900-3194","208 hp 2L I4"
"2018 Mercedes-Benz CLA-Class CLA 250 4MATIC","$28,888","25,209 km","Est. $478/mo.*","Victoria, BC","(647) 696-5096","160 hp 1.5L I4"
"2023 Chevrolet Malibu LS FWD","$29,995","4,030 km","Est. $496/mo.*","Kamloops, BC","(844) 960-4294","1.8L I4"
"2014 Volkswagen Jetta SE with Connectivity and Sunroof","$10,998","141,000 km","Est. $182/mo.*","Vaughan, ON","No Information Found","No Information Found"
"2019 Volkswagen Jetta Execline FWD","$24,801","38,250 km","Est. $410/mo.*","Burnaby, BC","No Information Found","No Information Found"
"2021 Toyota Corolla LE FWD","$23,998","13,080 km","Est. $397/mo.*","Toronto, ON","No Information Found","No Information Found"
"2021 Porsche Taycan 4S AWD","$116,990","34,144 km","Est. $1,934/mo.*","Schomberg, ON","(289) 809-7046","Electric"
"2022 Toyota Corolla SE FWD","$26,888","18,371 km","Est. $445/mo.*","Kingston, ON","(855) 496-0874","2L I4"
"2021 Honda Accord SE FWD","$32,235","95,114 km","Est. $533/mo.*","Calgary, AB","(902) 918-5532","329 hp 3L V6"
"2015 Mercedes-Benz C-Class C 400 4MATIC","$26,907","107,477 km","Est. $445/mo.*","St Albert, AB","(647) 492-8256","174 hp 1.5L I4"
"2019 Honda Civic Touring FWD","$21,990","116,801 km","Est. $364/mo.*","Bedford, NS","(604) 332-0217","201 hp 2.4L I4"
"2019 Acura ILX FWD with Premium and A-Spec Package","$25,990","33,329 km","Est. $430/mo.*","Etobicoke, ON","(226) 271-6015","155 hp 2L I4"
"2017 Mazda MAZDA3 Sport","$13,990","63,000 km","Est. $232/mo.*","New Westminster, BC","(647) 560-3943","270 hp 3L V6"
"2013 Cadillac CTS 3.0L Luxury RWD","$6,995","231,500 km","Est. $116/mo.*","London, ON","(647) 363-6940","192 hp 1.5L I4"
"2018 Honda Accord 1.5T Touring FWD","$24,988","105,361 km","Est. $413/mo.*","Woodbridge, ON","(204) 813-7847","174 hp 1.5L I4"
"2019 Honda Civic EX FWD","$21,999","77,000 km","Est. $364/mo.*","Oakville, ON","(236) 326-9471","457 hp 2.9L V6 Hybrid"
"2018 Chevrolet Impala LT FWD","$22,888","64,374 km","Est. $379/mo.*","Winnipeg, MB","(855) 791-0594","No Information Found"
"2020 Genesis G70 3.3T Sport AWD","$33,880","53,000 km","Est. $560/mo.*","Toronto, ON","(613) 707-7604","No Information Found"
"2018 Porsche Panamera E-Hybrid 4 AWD","$83,480","52,000 km","Est. $1,380/mo.*","Edmonton, AB","No Information Found","No Information Found"
"2016 Audi S3 2.0T quattro Technik AWD","$24,992","80,679 km","Est. $414/mo.*","Ottawa, ON","No Information Found","No Information Found"
"2023 Hyundai Elantra Preferred FWD","$31,555","9,837 km","Est. $522/mo.*","Wilkie, SK","No Information Found","No Information Found"
"2022 Toyota Corolla LE FWD","$26,496","48,800 km","Est. $438/mo.*","Courtenay, BC","(855) 939-1150","1.8L I4"
"2018 Mercedes-Benz C-Class C 300 Sedan 4MATIC","$30,499","64,259 km","Est. $505/mo.*","Edmonton, AB","(855) 936-0967","241 hp 2L I4"
"2016 Subaru Legacy 3.6R Limited AWD","$15,995","142,000 km","Est. $265/mo.*","Toronto, ON","(855) 908-6549","256 hp 3.6L H6"
"2019 Genesis G70 3.3T Sport AWD","$27,777","120,000 km","Est. $460/mo.*","York, ON","(647) 492-5487","3.3L V6"
"2015 Chevrolet Cruze 2LT Sedan FWD","$11,995","109,427 km","Est. $199/mo.*","Victoria, BC","(833) 382-0947","138 hp 1.4L I4"
"2016 Subaru WRX AWD","$17,510","99,228 km","Est. $290/mo.*","Brampton, ON","(548) 900-5850","268 hp 2L H4"
"2015 INFINITI Q50 3.7 AWD","$17,495","130,703 km","Est. $290/mo.*","Waterloo, ON","(604) 670-8530","328 hp 3.7L V6"
"2013 Acura TL SH-AWD with Technology Package","$11,488","156,790 km","Est. $190/mo.*","St-leonard, QC","(902) 918-5532","305 hp 3.7L V6"
"2020 Hyundai Elantra Essential FWD","$20,888","60,128 km","Est. $346/mo.*","Vancouver, BC","(844) 541-1477","268 hp 2L H4"
"2021 Subaru WRX AWD","$28,990","34,562 km","Est. $480/mo.*","Bedford, NS","(705) 999-8455","445 hp 4.4L V8"
"2014 Mazda MAZDA3 GS Sedan","$9,499","204,698 km","Est. $157/mo.*","Whitby, ON","(855) 951-3327","202 hp 2.5L I4"
"2013 BMW 7 Series 750Li xDrive AWD","$17,495","158,690 km","Est. $290/mo.*","Barrie, ON","No Information Found","503 hp 3L I6"
"2020 Toyota Camry SE AWD","$29,995","71,500 km","Est. $496/mo.*","Vernon, BC","No Information Found","No Information Found"
"2012 Mercedes-Benz C-Class C 350 4MATIC Sedan","$12,888","147,317 km","Est. $213/mo.*","Langley, BC","No Information Found","No Information Found"
"2022 BMW M3 Competition xDrive AWD","$104,990","4,405 km","Est. $1,736/mo.*","Kelowna, BC","No Information Found","No Information Found"
"2021 Honda Accord Touring FWD","$31,995","64,408 km","Est. $529/mo.*","Toronto, ON","(833) 973-1610","252 hp 2L I4"
"2018 Porsche Panamera 4 AWD","$72,500","43,000 km","Est. $1,199/mo.*","Scarborough, ON","(844) 970-1859","260 hp 3.5L V6"
"2023 Lexus IS 300 AWD","$47,995","7,597 km","Est. $794/mo.*","Victoria, BC","(855) 936-0967","147 hp 2L I4"
"2019 Kia Forte","$23,999","35,356 km","Est. $397/mo.*","Edmonton, AB","(844) 694-0022","311 hp 3.8L V6"
"2020 Genesis G80 3.8L AWD","$34,997","59,938 km","Est. $579/mo.*","Spruce Grove, AB","(844) 407-1807","382 hp 3L I6"
"2023 BMW 3 Series M340i xDrive AWD","$69,995","4,604 km","Est. $1,157/mo.*","Oakville, ON","(604) 670-8530","158 hp 2L I4"
"2021 Honda Civic LX FWD","$24,888","90,555 km","Est. $412/mo.*","Vancouver, BC","(647) 699-2415","188 hp 2L I4"
"2020 Mercedes-Benz A-Class A 220 Sedan 4MATIC AWD","$32,980","36,629 km","Est. $546/mo.*","North York, ON","(855) 560-2409","372 hp 4.2L V8"
"2011 Audi A8 quattro AWD","$14,999","151,708 km","Est. $248/mo.*","Concord, ON","(450) 990-2603","145 hp 1.8L I4"
"2015 Hyundai Elantra GL FWD","$9,495","122,565 km","Est. $157/mo.*","Saint-Sulpice, QC","(587) 871-0304","444 hp 2.9L V6"
"2017 Chrysler 300 Touring RWD","$19,988","75,114 km","Est. $331/mo.*","Calgary, AB","(782) 201-4138","250 hp 2L I4"
"2023 Audi RS 5 Sportback 2.9T quattro AWD","$98,983","19,109 km","Est. $1,636/mo.*","Guelph, ON","(778) 743-4121","No Information Found"
"2019 Mazda MAZDA3 GT Sedan AWD","$23,900","59,980 km","Est. $395/mo.*","Surrey, BC","(604) 243-2347","No Information Found"
"2018 Chevrolet Malibu Premier FWD","$22,800","64,046 km","Est. $377/mo.*","Port Moody, BC","(604) 409-4656","No Information Found"
"2013 Volkswagen Jetta Trendline","$8,890","117,670 km","Est. $147/mo.*","Vancouver, BC","No Information Found","No Information Found"
"2019 Volkswagen Jetta Comfortline FWD","$18,900","80,070 km","Est. $313/mo.*","Toronto, ON","(833) 973-1610","330 hp 3L V6"
"2018 Ford Fusion SE AWD","$13,995","175,091 km","Est. $232/mo.*","Miramichi, NB","(647) 933-2681","2L I4"
"2018 Nissan Sentra S FWD","$14,695","23,412 km","Est. $243/mo.*","Temiskaming Shores, ON","(450) 823-1396","278 hp 3.5L V6"
"2016 Honda Accord V6 Touring","$17,545","206,512 km","Est. $290/mo.*","Mississauga, ON","(877) 618-2192","188 hp 2L I4"
"2022 Mercedes-Benz A-Class A 220 4MATIC Sedan AWD","$43,900","13,741 km","Est. $726/mo.*","Laval, QC","(819) 410-9370","158 hp 2L I4"
"2019 Honda Civic LX FWD","$17,888","103,133 km","Est. $296/mo.*","Ottawa, ON","(855) 514-1610","192 hp 1.5L I4"
"2020 Honda Accord 1.5T Sport FWD","$29,900","47,230 km","Est. $495/mo.*","Brampton, ON","(204) 808-2384","199 hp 2.4L I4 Hybrid"
"2014 Hyundai Sonata Hybrid","$11,988","94,183 km","Est. $199/mo.*","Saint-Eustache, QC","(204) 400-3408","2L I4 Hybrid"
"2018 Ford Fusion Energi SE Luxury","$22,466","41,500 km","Est. $372/mo.*","Concord, ON","(236) 326-9471","292 hp 3.6L V6"
"2018 Chrysler 300 Limited AWD","$28,995","70,000 km","Est. $480/mo.*","Winnipeg, MB","No Information Found","203 hp 2.5L I4"
"2021 Lexus ES 250 AWD","$38,990","19,700 km","Est. $645/mo.*","North Vancouver, BC","No Information Found","149 hp 2L I4"
"2022 Audi S3 2.0T quattro Progressiv AWD","$49,948","18,074 km","Est. $826/mo.*","Vancouver, BC","No Information Found","No Information Found"
"2021 Lexus ES 300h FWD","$48,900","7,567 km","Est. $809/mo.*","Victoria, BC","No Information Found","No Information Found"
"2020 Audi A4 2.0 TFSI quattro Komfort AWD","$31,880","53,300 km","Est. $527/mo.*","Toronto, ON","No Information Found","No Information Found"
"2021 Nissan Sentra SV FWD","$23,980","80,951 km","Est. $397/mo.*","Winnipeg, MB","No Information Found","No Information Found"
